{
    "train_loss": [
        7.588896318384119,
        6.909430006388072,
        6.861607572194692,
        6.65958120758469,
        6.453888900859936,
        6.161416680104024,
        5.758579429420265,
        5.465852433281976,
        5.22724157281824,
        5.054122375797581,
        4.934980815165751,
        4.805948156923861,
        4.715843677520752,
        4.631654409460119,
        4.564876654341414,
        4.507033958950558,
        4.447519232775714,
        4.389627912882212,
        4.336788788357296,
        4.27625514881031,
        4.181066358411634,
        4.077583474081916,
        4.024584600087759,
        3.967869214753847,
        3.924591284829217,
        3.889770087680301,
        3.850193406440116,
        3.833320500399615,
        3.792314184034193,
        3.765225218437813
    ],
    "train_accuracy": [
        0.05354741541606153,
        0.06892925246065836,
        0.07284309068901589,
        0.1064217933191274,
        0.13343636906173728,
        0.16043008770009104,
        0.19807848059480354,
        0.22874078955939323,
        0.2556405676216469,
        0.27296059294724245,
        0.28317778196167637,
        0.29371619288755896,
        0.3003666519493982,
        0.3084524101557709,
        0.3113727022956926,
        0.3167724235178714,
        0.32145570348770286,
        0.3260652023050468,
        0.32887196602173724,
        0.3338296639406859,
        0.3432867307212857,
        0.3532476700954983,
        0.35831699246277343,
        0.364284590380357,
        0.3676441206756113,
        0.37117443723126214,
        0.37422369161185154,
        0.375211081235984,
        0.3793757940334604,
        0.38206328488917296
    ],
    "val_loss": [
        6.907388186454773,
        6.848107218742371,
        6.749723720550537,
        6.541572141647339,
        6.33619179725647,
        5.952176117897034,
        5.557101249694824,
        5.329475688934326,
        5.155620002746582,
        5.030115246772766,
        4.935847759246826,
        4.876121973991394,
        4.779606747627258,
        4.6779216766357425,
        4.676677918434143,
        4.604888772964477,
        4.621862506866455,
        4.57452540397644,
        4.564655756950378,
        4.481124234199524,
        4.394612073898315,
        4.3261024951934814,
        4.326632785797119,
        4.228745019435882,
        4.223294830322265,
        4.135513544082642,
        4.0862438678741455,
        4.098821938037872,
        4.1102608919143675,
        4.10551073551178
    ],
    "val_accuracy": [
        0.07126311979732175,
        0.07342010804539356,
        0.08958680078153267,
        0.12843607018049502,
        0.14652567975830816,
        0.18286720828240707,
        0.22147092855076655,
        0.24625229176402919,
        0.26931218829607834,
        0.2817521938535986,
        0.2865768194070081,
        0.29458982758000074,
        0.3053009166998804,
        0.312850374335419,
        0.3140178797640161,
        0.3153993564016343,
        0.31416874977357534,
        0.3232960692390912,
        0.316644406742952,
        0.3302516133710391,
        0.335764550652397,
        0.34506685941452836,
        0.3443281227592141,
        0.3492194213692352,
        0.3516633209062231,
        0.36105921241736133,
        0.3626592356687898,
        0.3646318985145831,
        0.36097560975609755,
        0.36530324400564174
    ],
    "train_perplexity": [
        1976.1312899521897,
        1001.6761305450593,
        954.9009064283073,
        780.2241167542956,
        635.1675998631943,
        474.0992462744996,
        316.89783327444945,
        236.47735037991916,
        186.2782591664073,
        156.6669752629525,
        139.07047446248384,
        122.23533437229133,
        111.70301275110212,
        102.68380471947178,
        96.05074584332955,
        90.65254020720047,
        85.41478675118644,
        80.61041930099464,
        76.46161027136337,
        71.97041622462783,
        65.4355938190501,
        59.002715842900464,
        55.95705939551981,
        52.87175237909874,
        50.63237960756279,
        48.8996426009604,
        47.002152871618186,
        46.21574312851865,
        44.358936328800546,
        43.17342821704996
    ],
    "val_perplexity": [
        999.6329748428534,
        942.0960362994662,
        853.8228362337255,
        693.3758065841506,
        564.6419408570703,
        384.58934085962073,
        259.070765356462,
        206.32976481223992,
        173.4032839496807,
        152.9506387474306,
        139.1910930644082,
        131.1211852719162,
        119.05752118493847,
        107.54632410298122,
        107.41264562940782,
        99.97186265693166,
        101.68324160857178,
        96.98200094102165,
        96.02953082742282,
        88.33392489317215,
        81.0131975323327,
        75.6488694161055,
        75.6889959391514,
        68.63104747442124,
        68.25801276487874,
        62.521690471709775,
        59.51592167156141,
        60.26924485435256,
        60.962620149780456,
        60.67372486147807
    ],
    "learning_rates": [
        0.0005170907197968264,
        0.0010341814395936528,
        0.0015512721593904791,
        0.0020683628791873057,
        0.0025854535989841324,
        0.0026529772498625555,
        0.0024561796621620606,
        0.002297545694043149,
        0.0021661468537918184,
        0.0020549873413169663,
        0.0019593535513189905,
        0.0018759382037114509,
        0.0018023431272764763,
        0.0017367812949272761,
        0.0016778901380350608,
        0.0016246101403438636,
        0.0015761033433146546,
        0.0015316971293620994,
        0.0014908445104021752,
        0.0014530954842977412,
        0.0014180759891273497,
        0.001385472182879602,
        0.0013550185259399309,
        0.0013264886249312777,
        0.001299688112275091,
        0.0012744490473221653,
        0.0012506254691409672,
        0.0012280898310810303,
        0.0012067301176680858,
        0.001186447494690624
    ]
}