{
    "train_loss": [
        7.56996178755889,
        6.733099226049474,
        6.3030743908237765,
        5.9275836094005685,
        5.705683365383663,
        5.568755856075803,
        5.461727394928803,
        5.332108402252198,
        5.066487180864489,
        4.868174127630286,
        4.7392061568595265,
        4.561410380698539,
        4.377474277083938,
        4.2105277344987195,
        4.11009136406151,
        4.017318167557588,
        3.93170973803546,
        3.885586388046677,
        3.821325938766067,
        3.7890094370455354,
        3.7508065030381488,
        3.6932260345768286,
        3.6684507125132795,
        3.6471881582930283,
        3.600906105299254,
        3.5845020964338974,
        3.5691853162404654,
        3.526004560573681,
        3.520333390622526,
        3.501134762892852
    ],
    "train_accuracy": [
        0.050744741024052575,
        0.09737079298111037,
        0.14655505374781547,
        0.19136946945029687,
        0.2159882584670095,
        0.22826228453721925,
        0.23709888457007794,
        0.24794161031397866,
        0.2731855187278365,
        0.2881597827004381,
        0.2953567071065172,
        0.30962902262318687,
        0.3245385825563102,
        0.3378588216349269,
        0.34717645569523137,
        0.35516218073487127,
        0.3651851201362295,
        0.36940511652692637,
        0.3753641601191413,
        0.37910220099874675,
        0.38087385698435167,
        0.3881368069942978,
        0.3890425124473382,
        0.39044142152825395,
        0.39530437119655987,
        0.397064120347309,
        0.39893525080374737,
        0.4035317926372529,
        0.4039941743618121,
        0.4051156032800586
    ],
    "val_loss": [
        6.858321809768677,
        6.46503164768219,
        6.050688147544861,
        5.778444433212281,
        5.680886340141297,
        5.531042957305909,
        5.494773530960083,
        5.33127727508545,
        5.037316608428955,
        4.910625433921814,
        4.793266701698303,
        4.636855220794677,
        4.503391242027282,
        4.3803980350494385,
        4.32539541721344,
        4.255547595024109,
        4.201577532291412,
        4.164156186580658,
        4.100742995738983,
        4.0752698421478275,
        4.051075005531311,
        4.007949566841125,
        4.029604256153107,
        3.999597430229187,
        4.012669312953949,
        3.958225095272064,
        3.9702150940895082,
        3.9733994245529174,
        3.926319718360901,
        3.9369656085968017
    ],
    "val_accuracy": [
        0.07681999275624773,
        0.12457035348601614,
        0.18255864465682015,
        0.21353670162059105,
        0.22618108825005376,
        0.2365727056448706,
        0.24253824931025833,
        0.2592378335382168,
        0.2811998248430886,
        0.29324689357104267,
        0.30130799248446305,
        0.3116381488701177,
        0.3254373573834619,
        0.3380029914997629,
        0.3396049596309112,
        0.3476139217796914,
        0.34842074549565977,
        0.35623556581986143,
        0.36212395795578106,
        0.361582125167215,
        0.36815198868786486,
        0.3689187238342717,
        0.3689565593880791,
        0.37394110528438884,
        0.3683792755087314,
        0.37254831266224403,
        0.37752948027369343,
        0.3774449657163479,
        0.3767995068354063,
        0.37887232194557036
    ],
    "train_perplexity": [
        1939.0661836906813,
        839.7457992090585,
        546.2487132626502,
        375.24667488207785,
        300.5708095696682,
        262.10779647609786,
        235.50388141871954,
        206.87368761416786,
        158.61615766885973,
        130.08318463553124,
        114.34339492204911,
        95.71838403589949,
        79.63663909471491,
        67.39209556106175,
        60.95228616365591,
        55.55192492261726,
        50.99408971335988,
        48.69548854153966,
        45.664716814971094,
        44.212583230725755,
        42.55538921445794,
        40.1742416218049,
        39.19114045741891,
        38.366633334998795,
        36.63141132645546,
        36.03541109169664,
        35.4876701431462,
        33.987899376376895,
        33.795693753253374,
        33.15305147398773
    ],
    "val_perplexity": [
        951.7684779355219,
        642.2846899461366,
        424.40498282690703,
        323.2559528846841,
        293.2091978660326,
        252.4070235413662,
        243.4163936410332,
        206.7018207038289,
        154.0560671301274,
        135.7242744337742,
        120.69499993646248,
        103.21923494384349,
        90.32291938700853,
        79.86981806594287,
        75.59539867254679,
        70.49540955646948,
        66.79161390326155,
        64.33836995193639,
        60.38513683326819,
        58.86636307121531,
        57.4591928064502,
        55.033911438595865,
        56.23865074270053,
        54.576174891959134,
        55.29427146146973,
        52.36430177220388,
        52.995928724860065,
        53.164954248871915,
        50.71996998553239,
        51.2628136187123
    ],
    "learning_rates": [
        0.0005170907197968264,
        0.0010341814395936528,
        0.0015512721593904791,
        0.0020683628791873057,
        0.0025854535989841324,
        0.0026529772498625555,
        0.0024561796621620606,
        0.002297545694043149,
        0.0021661468537918184,
        0.0020549873413169663,
        0.0019593535513189905,
        0.0018759382037114509,
        0.0018023431272764763,
        0.0017367812949272761,
        0.0016778901380350608,
        0.0016246101403438636,
        0.0015761033433146546,
        0.0015316971293620994,
        0.0014908445104021752,
        0.0014530954842977412,
        0.0014180759891273497,
        0.001385472182879602,
        0.0013550185259399309,
        0.0013264886249312777,
        0.001299688112275091,
        0.0012744490473221653,
        0.0012506254691409672,
        0.0012280898310810303,
        0.0012067301176680858,
        0.001186447494690624
    ]
}