{
    "train_loss": [
        7.585698437046361,
        6.913913162334545,
        6.8050261265522725,
        6.564024087545034,
        6.357033657383274,
        6.133627309025945,
        5.762695974917025,
        5.418471269349794,
        5.084270247897586,
        4.839738526215425,
        4.642112654608649,
        4.503807624610695,
        4.397238471056964,
        4.301375940683726,
        4.213964900454959,
        4.140745210647583,
        4.065533030999673,
        4.028278535121196,
        3.9803154468536377,
        3.926734107249492,
        3.899271106719971,
        3.8682028873546703,
        3.8349587324503305,
        3.8129196746929273,
        3.776131434053988,
        3.7456441299335377,
        3.7311237605842384,
        3.6985661906165044,
        3.6872967887569117,
        3.663406182624198
    ],
    "train_accuracy": [
        0.05823921361151366,
        0.06878464998486608,
        0.08119483006223073,
        0.11918013958830286,
        0.13924686256621768,
        0.1597922383678711,
        0.1973218661928685,
        0.23124916166861478,
        0.2622633629756208,
        0.2843303379746059,
        0.3024112897962631,
        0.3142199639302959,
        0.32452171912740096,
        0.33324781350039057,
        0.3410868157593266,
        0.348704405404371,
        0.35687000279136283,
        0.35994401528813286,
        0.3640214726162748,
        0.3700176164215686,
        0.3716585743762033,
        0.37369569560339927,
        0.3771521969041438,
        0.37974547561223587,
        0.38319042350482513,
        0.3858958385247944,
        0.38743683968764353,
        0.3906488857478664,
        0.3908237124344291,
        0.39289892709048574
    ],
    "val_loss": [
        6.924439430236816,
        6.86605122089386,
        6.653675484657287,
        6.423015785217285,
        6.234221601486206,
        5.889635491371155,
        5.565063118934631,
        5.1758061170578005,
        4.944361686706543,
        4.755276012420654,
        4.610055899620056,
        4.497557735443115,
        4.4199670314788815,
        4.370279550552368,
        4.305203986167908,
        4.281480669975281,
        4.266644740104676,
        4.202915871143341,
        4.148396861553192,
        4.164549660682678,
        4.1308129072189335,
        4.076519668102264,
        4.0957176208496096,
        4.050552558898926,
        4.030325126647949,
        3.9877224445343016,
        4.017617344856262,
        3.994078493118286,
        3.9848722219467163,
        3.952594316005707
    ],
    "val_accuracy": [
        0.07202680067001675,
        0.07465597572868134,
        0.09092889034084722,
        0.13281875773683827,
        0.15084539332282562,
        0.18751587733623662,
        0.22137569958476258,
        0.26226367349889745,
        0.2830113014947138,
        0.30126389191545,
        0.3139256138311783,
        0.32436332154967173,
        0.331328320802005,
        0.3375759328897888,
        0.3428509703669031,
        0.34456765963615277,
        0.346684224002341,
        0.35316774658027356,
        0.3561230791586442,
        0.35724377785023365,
        0.35957271391189016,
        0.3655347739240966,
        0.3644158246762488,
        0.3682952446488718,
        0.36922246220302374,
        0.37714285714285717,
        0.37350686396862187,
        0.3714785524253799,
        0.3768142104123041,
        0.3794668587896254
    ],
    "train_perplexity": [
        1969.8219502158313,
        1006.1768820934225,
        902.3713454725237,
        709.1195198310597,
        576.5336211194968,
        461.1057037561829,
        318.2050463780596,
        225.53407797149555,
        161.46206895050918,
        126.4362876329708,
        103.76333226445068,
        90.3605361084546,
        81.22625002190227,
        73.80127004083275,
        67.62413192294386,
        62.84964022320162,
        58.29597380363102,
        56.164143379506285,
        53.53391867048644,
        50.74099213289539,
        49.366453112572536,
        47.85630558388814,
        46.291517291043334,
        45.28245608994297,
        43.646863937351284,
        42.33626849580542,
        41.72597182980869,
        40.38935219164848,
        39.9367434558934,
        38.993937394556674
    ],
    "val_perplexity": [
        1016.8241089814617,
        959.1535923222652,
        775.6299087122416,
        615.8576106165027,
        509.90355576185453,
        361.27357303404,
        261.1416861746043,
        176.9391905018048,
        140.38121505090945,
        116.19572020074764,
        100.4897668191734,
        89.79755389343545,
        83.09354584186421,
        79.06573147932615,
        74.08432608939677,
        72.34748348632128,
        71.28206408071902,
        66.88106355875448,
        63.332388284236,
        64.36369041542534,
        62.228488366890616,
        58.939981775325485,
        60.08244010224539,
        57.42918128506066,
        56.27920614253004,
        53.93191644658644,
        55.56854728384435,
        54.27580204681064,
        53.77841733736867,
        52.07027851436978
    ],
    "learning_rates": [
        0.0005170907197968264,
        0.0010341814395936528,
        0.0015512721593904791,
        0.0020683628791873057,
        0.0025854535989841324,
        0.0026529772498625555,
        0.0024561796621620606,
        0.002297545694043149,
        0.0021661468537918184,
        0.0020549873413169663,
        0.0019593535513189905,
        0.0018759382037114509,
        0.0018023431272764763,
        0.0017367812949272761,
        0.0016778901380350608,
        0.0016246101403438636,
        0.0015761033433146546,
        0.0015316971293620994,
        0.0014908445104021752,
        0.0014530954842977412,
        0.0014180759891273497,
        0.001385472182879602,
        0.0013550185259399309,
        0.0013264886249312777,
        0.001299688112275091,
        0.0012744490473221653,
        0.0012506254691409672,
        0.0012280898310810303,
        0.0012067301176680858,
        0.001186447494690624
    ]
}