{
    "train_loss": [
        7.574138388762603,
        6.526513359997724,
        6.068670499646986,
        5.768332267451931,
        5.617017093864647,
        5.546696302053091,
        5.460413816812876,
        5.40326816455738,
        5.355677037625699,
        5.325474574114825,
        5.296667150548987,
        5.270188452746417,
        5.247007558152482,
        5.228973850044044,
        5.205976638278446,
        5.1960880820815625,
        5.179538987133954,
        5.173449547226364,
        5.141046634880272,
        5.138231532638137,
        5.14200267791748,
        5.13115825910826,
        5.12746290516209,
        5.104556081101701,
        5.095005355010161,
        5.0953214129886115,
        5.091572271810995,
        5.0767033628515295,
        5.075446476807466,
        5.064944880717509
    ],
    "train_accuracy": [
        0.05830402290446468,
        0.12734135445417205,
        0.1846967924998562,
        0.21490947653740577,
        0.22599823558743432,
        0.22848763402211653,
        0.2327264239028945,
        0.23438402208702502,
        0.23712136050973026,
        0.23652262468558213,
        0.2370742272854251,
        0.2376844834463502,
        0.23826833724676041,
        0.23880099342317068,
        0.2391536825159547,
        0.24034265519360787,
        0.2394257333302722,
        0.24023512439185352,
        0.24108405070856367,
        0.2411500945498621,
        0.24071696565785086,
        0.24006704244107957,
        0.23987321371011067,
        0.24046336124420226,
        0.2415004419847035,
        0.24078652331397687,
        0.24079736360532342,
        0.24095195811261827,
        0.24115376943025058,
        0.2424582288656242
    ],
    "val_loss": [
        6.8024125576019285,
        6.238188624382019,
        5.89307963848114,
        5.718431425094605,
        5.603552317619323,
        5.556854891777038,
        5.555627942085266,
        5.520203375816346,
        5.470050191879272,
        5.412946176528931,
        5.457173609733582,
        5.417004346847534,
        5.436636972427368,
        5.430145359039306,
        5.383581161499023,
        5.405097198486328,
        5.411038064956665,
        5.401715803146362,
        5.383875012397766,
        5.436333894729614,
        5.3776576042175295,
        5.421356105804444,
        5.369227814674377,
        5.377066898345947,
        5.401913738250732,
        5.424815964698792,
        5.396637654304504,
        5.386862349510193,
        5.414645862579346,
        5.389643955230713
    ],
    "val_accuracy": [
        0.09691789504183115,
        0.1539620475660939,
        0.20995189200832914,
        0.22402169133812105,
        0.23464028776978418,
        0.23336229994930843,
        0.23100435110935308,
        0.23645553050687224,
        0.2354031173927261,
        0.2380763259558797,
        0.23839884078971202,
        0.23959646910466584,
        0.23765420800234285,
        0.23823518740248903,
        0.2446693560005763,
        0.23819812034136328,
        0.24135919498322883,
        0.237897098198133,
        0.23919703030958303,
        0.23943099756867584,
        0.24299876980968232,
        0.23411189570885388,
        0.2452964146254881,
        0.24380618285463715,
        0.23861795933057406,
        0.23928519540897863,
        0.23787680209698558,
        0.24057649667405764,
        0.23589336030633626,
        0.23936556329849012
    ],
    "train_perplexity": [
        1947.181825950745,
        683.0126359084801,
        432.10581468312466,
        320.0036069509389,
        275.06765727584605,
        256.3891229752057,
        235.19473176443503,
        222.13119250540683,
        211.807329351101,
        205.50586509038402,
        199.67022897173985,
        194.45260411996668,
        189.99686236438683,
        186.6012244043244,
        182.3588844951111,
        180.56450495096934,
        177.6009158102383,
        176.52271186670308,
        170.89453893652168,
        170.41412985439717,
        171.05799959583092,
        169.21299707875346,
        168.58884909637152,
        164.77090937347154,
        163.2047185849739,
        163.25630889073784,
        162.64538387823004,
        160.2449148755661,
        160.04363179986953,
        158.3717124979401
    ],
    "val_perplexity": [
        900.0160149923432,
        511.9303723981729,
        362.51999756914364,
        304.42703164836865,
        271.3887561902316,
        259.0069490832945,
        258.6893554624897,
        249.6858120821883,
        237.47211163360657,
        224.29141732532997,
        234.43388544504774,
        225.2034794979462,
        229.66850172945558,
        228.18241138956532,
        217.80086052953556,
        222.53784977478048,
        223.86385232695875,
        221.786632124292,
        217.86487091244277,
        229.5989048758647,
        216.51451827855325,
        226.18564628352524,
        214.6970177925479,
        216.3866596484629,
        221.83053582936824,
        226.96957205786802,
        220.66322143275218,
        218.51667982855784,
        224.67296648362077,
        219.12535322744316
    ],
    "learning_rates": [
        0.0005170907197968264,
        0.0010341814395936528,
        0.0015512721593904791,
        0.0020683628791873057,
        0.0025854535989841324,
        0.0026529772498625555,
        0.0024561796621620606,
        0.002297545694043149,
        0.0021661468537918184,
        0.0020549873413169663,
        0.0019593535513189905,
        0.0018759382037114509,
        0.0018023431272764763,
        0.0017367812949272761,
        0.0016778901380350608,
        0.0016246101403438636,
        0.0015761033433146546,
        0.0015316971293620994,
        0.0014908445104021752,
        0.0014530954842977412,
        0.0014180759891273497,
        0.001385472182879602,
        0.0013550185259399309,
        0.0013264886249312777,
        0.001299688112275091,
        0.0012744490473221653,
        0.0012506254691409672,
        0.0012280898310810303,
        0.0012067301176680858,
        0.001186447494690624
    ]
}