{
    "train_loss": [
        7.576209692052893,
        6.910503243111275,
        6.826143076613143,
        6.568932677604057,
        6.253328387801711,
        5.824499235926448,
        5.465089790241138,
        5.212892364811253,
        5.046076741089692,
        4.915778562184927,
        4.79579767020973,
        4.6044295027449325,
        4.452050917857402,
        4.338469948639741,
        4.229926086116482,
        4.162546271246833,
        4.10793878452198,
        4.042427501162967,
        3.9913553212140056,
        3.942083776319349,
        3.910060220151334,
        3.8557102667318808,
        3.8287832595206597,
        3.7953841982661065,
        3.77430620837856,
        3.747048330307007,
        3.7143810027354474,
        3.6936699209986505,
        3.679298328708958,
        3.653336965715563
    ],
    "train_accuracy": [
        0.05267657579254477,
        0.0686732703560638,
        0.07892402401254159,
        0.11484052906647049,
        0.1513405844380138,
        0.19869787974356126,
        0.23772158478508473,
        0.2610283293376311,
        0.27742817322127217,
        0.28651730629867217,
        0.2954189867010262,
        0.3107746969592551,
        0.3225506514377547,
        0.33317609158373124,
        0.3440156262591764,
        0.34700149637417027,
        0.3533183283189025,
        0.3595859655048012,
        0.3639870963787106,
        0.36902997396573306,
        0.3712279624762599,
        0.37686298812584157,
        0.3783026282997527,
        0.3801869859894452,
        0.3839216469197042,
        0.3860053456864452,
        0.38850931200196526,
        0.3912245054439503,
        0.39032260536985797,
        0.39507087149221426
    ],
    "val_loss": [
        6.935717368125916,
        6.872738480567932,
        6.685712552070617,
        6.394712638854981,
        5.949703526496887,
        5.622557997703552,
        5.351119065284729,
        5.125101017951965,
        5.035303354263306,
        4.895514702796936,
        4.775025701522827,
        4.6186377763748165,
        4.538790583610535,
        4.404819011688232,
        4.382325983047485,
        4.297413682937622,
        4.259766352176666,
        4.2311623096466064,
        4.2250892400741575,
        4.170456194877625,
        4.1750939130783085,
        4.133422005176544,
        4.0979597806930546,
        4.03112701177597,
        4.074570035934448,
        4.065854096412659,
        4.014357149600983,
        3.982643175125122,
        4.022103333473206,
        3.978500986099243
    ],
    "val_accuracy": [
        0.07173621918998153,
        0.07658674694477297,
        0.09527909312670398,
        0.13544647708748414,
        0.18758551162958162,
        0.2232999245608363,
        0.24925485689661364,
        0.27457456738708985,
        0.28782007171055013,
        0.2961549643843582,
        0.3077449567723343,
        0.31863221994018665,
        0.3271257134494366,
        0.33610928482723357,
        0.33602678896411153,
        0.34579810679962425,
        0.3520242397692841,
        0.3509790487180412,
        0.3497876665093826,
        0.36040866603869287,
        0.3603652570931623,
        0.36219278934642174,
        0.3644752018454441,
        0.3714681541434248,
        0.3690751445086705,
        0.37361096126874527,
        0.37250054533556315,
        0.37873658431174817,
        0.3748156673740244,
        0.37856600498969517
    ],
    "train_perplexity": [
        1951.2192099535491,
        1002.7517432433965,
        921.6292950620627,
        712.6088537054729,
        519.7398447370123,
        338.4915862044078,
        236.29707132735658,
        183.6243996054796,
        155.4115471394541,
        136.4254841885499,
        121.00086208124263,
        99.92595909949624,
        85.80273803867412,
        76.5902626059801,
        68.71215320405737,
        64.23487395584667,
        60.821222632518136,
        56.96445638633302,
        54.12820077063209,
        51.525857874835715,
        49.90195698632737,
        47.262173772420525,
        46.00652616235162,
        44.49532814993426,
        43.56727122007307,
        42.39575885825796,
        41.03317979563347,
        40.19207838062247,
        39.61858509358059,
        38.60326914327711
    ],
    "val_perplexity": [
        1028.3566977995072,
        965.5891957540654,
        800.8811444258132,
        598.6712636426686,
        383.6395832279776,
        276.59601103436614,
        210.84411422383286,
        168.19113111731468,
        153.74622511125582,
        133.68879890795205,
        118.51336055542214,
        101.3558686872815,
        93.57755742285723,
        81.84432863574132,
        80.02395145462391,
        73.5094289435781,
        70.79344078842638,
        68.7971493109228,
        68.3806055665935,
        64.74498170026999,
        65.04594803939604,
        62.39106057998404,
        60.21730567532436,
        56.32435370011081,
        58.825182435491996,
        58.31469362951919,
        55.38767796449823,
        53.65867623097804,
        55.8183871247778,
        53.436871546753984
    ],
    "learning_rates": [
        0.0005170907197968264,
        0.0010341814395936528,
        0.0015512721593904791,
        0.0020683628791873057,
        0.0025854535989841324,
        0.0026529772498625555,
        0.0024561796621620606,
        0.002297545694043149,
        0.0021661468537918184,
        0.0020549873413169663,
        0.0019593535513189905,
        0.0018759382037114509,
        0.0018023431272764763,
        0.0017367812949272761,
        0.0016778901380350608,
        0.0016246101403438636,
        0.0015761033433146546,
        0.0015316971293620994,
        0.0014908445104021752,
        0.0014530954842977412,
        0.0014180759891273497,
        0.001385472182879602,
        0.0013550185259399309,
        0.0013264886249312777,
        0.001299688112275091,
        0.0012744490473221653,
        0.0012506254691409672,
        0.0012280898310810303,
        0.0012067301176680858,
        0.001186447494690624
    ]
}