{
    "train_loss": [
        7.5712599857433425,
        6.907352934656917,
        6.784613457241574,
        6.490095427229598,
        6.092121204170021,
        5.6002021480251,
        5.149823431066564,
        4.860784790966962,
        4.651996519758895,
        4.488249588012695,
        4.372932227882179,
        4.252686749277888,
        4.166940587275737,
        4.088419584325842,
        4.027567934345555,
        3.9721037426510373,
        3.9255930488174027,
        3.8712463933068353,
        3.8312659753335487,
        3.808124355367712,
        3.774002946389688,
        3.7203132912919328,
        3.7087292233028926,
        3.6795164211376292,
        3.656324479386613,
        3.6364761365426554,
        3.61484804668942,
        3.6023490325824636,
        3.5759510439795417,
        3.5553531298766266
    ],
    "train_accuracy": [
        0.05287888917064325,
        0.06906408305564651,
        0.08462546156556912,
        0.12691818307246555,
        0.16519636722545697,
        0.21137527418282953,
        0.24949812492563037,
        0.275790191623145,
        0.2978940347595428,
        0.31421676948101773,
        0.3241795609724234,
        0.335186250815207,
        0.34390033209836257,
        0.35286091009444376,
        0.35835182226105217,
        0.36339740052725156,
        0.3704446917085524,
        0.3739796563900636,
        0.37712125208827924,
        0.38028774383200487,
        0.38224881575666914,
        0.38852716271538906,
        0.38934294380783135,
        0.39263003173799077,
        0.394270521155117,
        0.3971112354469576,
        0.3978908136362419,
        0.39934838885875734,
        0.4025233044037287,
        0.40448896322862404
    ],
    "val_loss": [
        6.9062680959701535,
        6.836601614952087,
        6.6325812339782715,
        6.300770497322082,
        5.866936993598938,
        5.363873553276062,
        4.96260449886322,
        4.780046892166138,
        4.619671297073364,
        4.511573672294617,
        4.438306069374084,
        4.368563890457153,
        4.27688159942627,
        4.179977524280548,
        4.169816088676453,
        4.102019417285919,
        4.130059552192688,
        4.07527893781662,
        4.096052372455597,
        4.056108903884888,
        4.0478034019470215,
        4.008740520477295,
        4.026945900917053,
        3.9839463591575623,
        3.952877712249756,
        3.9230257153511046,
        3.858126938343048,
        3.873946738243103,
        3.9043151140213013,
        3.9031367897987366
    ],
    "val_accuracy": [
        0.07133550488599348,
        0.07610311446285487,
        0.10843765829654824,
        0.1436034153546853,
        0.19227449287872247,
        0.23725645265655332,
        0.2727798669366503,
        0.2894632778516734,
        0.30874385562053747,
        0.32198187136614786,
        0.3262533692722372,
        0.33407724703934344,
        0.3450849668466249,
        0.3570111034757134,
        0.3573057294871331,
        0.359981198249991,
        0.35825816034489005,
        0.36628200504868375,
        0.36497852218171317,
        0.36574577623087523,
        0.36922738601378097,
        0.3727864112757499,
        0.370500501936039,
        0.3775064451446577,
        0.3766489819328936,
        0.38157516527737856,
        0.3853141285466126,
        0.38367848494705264,
        0.38214995483288167,
        0.3866406278253951
    ],
    "train_perplexity": [
        1941.5851105692652,
        999.5977366044034,
        884.1382636414363,
        658.5862072738671,
        442.358749875978,
        270.4810791160496,
        172.4010469602729,
        129.12549887890816,
        104.79400014873447,
        88.9655830833156,
        79.27574577972253,
        70.29402127167486,
        64.51776338965574,
        59.64555241020893,
        56.124247272438744,
        53.09611398700878,
        50.68312671615888,
        48.00217840457957,
        46.120889199067506,
        45.06583205896988,
        43.55406092594442,
        41.27732390924312,
        40.8019234345621,
        39.62722654930795,
        38.71876938095383,
        37.957842521236344,
        37.14570108452764,
        36.68430594164519,
        35.728584117621615,
        35.000177394002
    ],
    "val_perplexity": [
        998.513922296672,
        931.3187709359813,
        759.4399349955297,
        544.9916630128338,
        353.16557346167076,
        213.55054583206027,
        142.96566533285448,
        119.10993523673375,
        101.46067622654039,
        91.06501229779268,
        84.63146036181958,
        78.93019785698695,
        72.01551626120057,
        65.36438408594125,
        64.70355129733242,
        60.46226293527457,
        62.18162587666642,
        58.866898502591866,
        60.10255616231514,
        57.74916577741779,
        57.27151627431971,
        55.07745793031858,
        56.089346970188444,
        53.728648944803005,
        52.08503712689625,
        50.55317311725481,
        47.37652904997905,
        48.13197601425102,
        49.61608691059785,
        49.55765750471487
    ],
    "learning_rates": [
        0.0005170907197968264,
        0.0010341814395936528,
        0.0015512721593904791,
        0.0020683628791873057,
        0.0025854535989841324,
        0.0026529772498625555,
        0.0024561796621620606,
        0.002297545694043149,
        0.0021661468537918184,
        0.0020549873413169663,
        0.0019593535513189905,
        0.0018759382037114509,
        0.0018023431272764763,
        0.0017367812949272761,
        0.0016778901380350608,
        0.0016246101403438636,
        0.0015761033433146546,
        0.0015316971293620994,
        0.0014908445104021752,
        0.0014530954842977412,
        0.0014180759891273497,
        0.001385472182879602,
        0.0013550185259399309,
        0.0013264886249312777,
        0.001299688112275091,
        0.0012744490473221653,
        0.0012506254691409672,
        0.0012280898310810303,
        0.0012067301176680858,
        0.001186447494690624
    ]
}