{
    "train_loss": [
        7.623182330260406,
        6.547010504232871,
        6.077691652968123,
        5.732823340957229,
        5.4020508121799775,
        5.100861763309788,
        4.821929382633519,
        4.565597407882278,
        4.376380085300755,
        4.205822123707952,
        4.096368649199202,
        3.9920193002030655,
        3.922301484443046,
        3.84525145066751,
        3.7791752067772117,
        3.7270106959987332,
        3.6981057411915548,
        3.661003606383865,
        3.628383309132344,
        3.5877792036211167,
        3.567060613632202,
        3.5361164093017576,
        3.5073030587789176,
        3.483809132189364,
        3.459202729044734,
        3.445505263354327,
        3.4232862279221816,
        3.408310214893238,
        3.3815173458408667,
        3.376792909003593
    ],
    "train_accuracy": [
        0.05623107312499039,
        0.12493249394374238,
        0.18333141431587027,
        0.22056320682916009,
        0.2544893539546561,
        0.27604048716639734,
        0.29275348955151625,
        0.31038618649458544,
        0.32541533024756564,
        0.340712186411517,
        0.34855558797782316,
        0.3586270096586312,
        0.36295667015191585,
        0.3710126344158262,
        0.37686941481695013,
        0.38250004790832265,
        0.3842022249955975,
        0.38678818632673867,
        0.3911299419905242,
        0.39454491913370376,
        0.39622192724677935,
        0.39927978754885646,
        0.40157102250902665,
        0.4049950953344369,
        0.40646617524350054,
        0.4074612644122408,
        0.40937607721475355,
        0.4110347211553234,
        0.4152678776730283,
        0.41444298307840377
    ],
    "val_loss": [
        6.880769348144531,
        6.266674375534057,
        5.878279447555542,
        5.570670127868652,
        5.270246052742005,
        5.029800391197204,
        4.788123083114624,
        4.620183110237122,
        4.468190312385559,
        4.374655151367188,
        4.315533900260926,
        4.282087326049805,
        4.143688130378723,
        4.149856436252594,
        4.075032889842987,
        4.012627112865448,
        4.014072299003601,
        3.974729824066162,
        3.952703356742859,
        3.919922721385956,
        3.929013657569885,
        3.899195683002472,
        3.9125895261764527,
        3.830999028682709,
        3.8540740609169006,
        3.880058836936951,
        3.780250537395477,
        3.8443836092948915,
        3.7959769010543822,
        3.782947278022766
    ],
    "val_accuracy": [
        0.09074527893902264,
        0.16069678824169842,
        0.20767963321154811,
        0.24249891288592548,
        0.26514331095227783,
        0.2856678583035424,
        0.3047346909248743,
        0.3137205538572199,
        0.32466043077805257,
        0.33409428561075477,
        0.34117266884492475,
        0.3460304875851382,
        0.3610828488372093,
        0.3561021690949388,
        0.3663751214771623,
        0.37089303806629037,
        0.3651386120674035,
        0.3757815307222422,
        0.3709379415280948,
        0.3783647254095403,
        0.37513655232685167,
        0.3806332415591943,
        0.3821073844825104,
        0.3869211760913942,
        0.38338406445837064,
        0.38608297240219064,
        0.394010889292196,
        0.3905876385769147,
        0.3909821102592187,
        0.394459673928726
    ],
    "train_perplexity": [
        2045.0598412227907,
        697.156907809025,
        436.02154312613703,
        308.83999923303116,
        221.86094509665227,
        164.16331628339978,
        124.20449775269857,
        96.1199997129866,
        79.54954899390259,
        67.07571954396381,
        60.12156820943617,
        54.1641526929991,
        50.5165742014156,
        46.77044333164394,
        43.779917460877435,
        41.554702674778696,
        40.37075921854813,
        38.90036394074563,
        37.65189590920827,
        36.153696707841036,
        35.41234944321107,
        34.333323367749394,
        33.35818130535697,
        32.58360123434062,
        31.791619872808344,
        31.359124060703163,
        30.670038331267932,
        30.214145685361522,
        29.415370558515676,
        29.2767272618958
    ],
    "val_perplexity": [
        973.3749359980463,
        526.7227797644487,
        357.1941414512468,
        262.61002258284833,
        194.46380491168563,
        152.90248896654646,
        120.07578476038003,
        101.51261842745406,
        87.1987775928067,
        79.41244955517388,
        74.85357712171088,
        72.39138684242714,
        63.03487410003596,
        63.42489412900108,
        58.852416203244516,
        55.29193808755509,
        55.37190299820341,
        53.235731948995685,
        52.07595660548869,
        50.39655005203729,
        50.85679071196885,
        49.36272985157192,
        50.02833406257469,
        46.10857902531499,
        47.18490635879939,
        48.42706428765298,
        43.827020667809634,
        46.729871613359244,
        44.52170847206693,
        43.945370282400596
    ],
    "learning_rates": [
        0.0005170907197968264,
        0.0010341814395936528,
        0.0015512721593904791,
        0.0020683628791873057,
        0.0025854535989841324,
        0.0026529772498625555,
        0.0024561796621620606,
        0.002297545694043149,
        0.0021661468537918184,
        0.0020549873413169663,
        0.0019593535513189905,
        0.0018759382037114509,
        0.0018023431272764763,
        0.0017367812949272761,
        0.0016778901380350608,
        0.0016246101403438636,
        0.0015761033433146546,
        0.0015316971293620994,
        0.0014908445104021752,
        0.0014530954842977412,
        0.0014180759891273497,
        0.001385472182879602,
        0.0013550185259399309,
        0.0013264886249312777,
        0.001299688112275091,
        0.0012744490473221653,
        0.0012506254691409672,
        0.0012280898310810303,
        0.0012067301176680858,
        0.001186447494690624
    ]
}