{
    "train_loss": [
        7.596600555729221,
        6.908910604425379,
        6.827353802242794,
        6.543876155647071,
        6.166819312121417,
        5.739722478711927,
        5.382611444834116,
        5.178251428861876,
        4.996648321924983,
        4.771631983164195,
        4.577285320694382,
        4.426908085797284,
        4.308251342257938,
        4.2313900689820985,
        4.147721031549815,
        4.081226970054008,
        4.037104748390816,
        3.983527034037822,
        3.9371424559000374,
        3.9051665061228986,
        3.8617854066797204,
        3.8307421890464988,
        3.7911875015980487,
        3.7825640897493105,
        3.7502981314787993,
        3.7263355822176547,
        3.7092702981588004,
        3.677240804723791,
        3.6510000370644233,
        3.650811661900701
    ],
    "train_accuracy": [
        0.05126315547060314,
        0.06877404132514055,
        0.07974893569734336,
        0.12047805225489483,
        0.16342348348141253,
        0.20946615934509397,
        0.2454717096982163,
        0.2651653937208137,
        0.2798889029162984,
        0.2986534133245251,
        0.3143240252654874,
        0.3270661363653848,
        0.33498975115419244,
        0.3434980225036024,
        0.3491876808836925,
        0.35653519834900255,
        0.35934371139873716,
        0.364583533351511,
        0.3685835230832709,
        0.37116806800049096,
        0.374408836221764,
        0.37862974062209365,
        0.38196436415025875,
        0.3825757721210818,
        0.38564335334032235,
        0.3866310879038605,
        0.38857405598022876,
        0.3916880498886277,
        0.39521257701166107,
        0.39419692053385574
    ],
    "val_loss": [
        6.904562854766846,
        6.9179279088974,
        6.662394261360168,
        6.384787011146545,
        5.880114889144897,
        5.501869416236877,
        5.284737992286682,
        5.116678047180176,
        4.945251297950745,
        4.743493890762329,
        4.581077027320862,
        4.533210182189942,
        4.433188414573669,
        4.391574382781982,
        4.334567463397979,
        4.280315494537353,
        4.258676052093506,
        4.200556886196137,
        4.198967957496643,
        4.174616289138794,
        4.142801868915558,
        4.09486004114151,
        4.161248564720154,
        4.065426874160766,
        4.0383045196533205,
        4.0623463034629825,
        4.078615832328796,
        4.015741527080536,
        3.973197841644287,
        4.010931003093719
    ],
    "val_accuracy": [
        0.07107132502174543,
        0.07154495093957058,
        0.1041016255786414,
        0.13706828177950825,
        0.20062213958810068,
        0.23938140622190254,
        0.25989964985741615,
        0.27743338771071235,
        0.2879611301061724,
        0.3098510053522349,
        0.32151145923991875,
        0.32303875746027183,
        0.3331524295379717,
        0.3400614939410382,
        0.3449001814882033,
        0.3486119612573363,
        0.34897648083623695,
        0.3575258177107697,
        0.35523397447551175,
        0.3584285094694232,
        0.36025431425976384,
        0.3660461057377645,
        0.3595257888459175,
        0.3686357293641991,
        0.37024859083682615,
        0.36459495447511425,
        0.3658066860465116,
        0.37359520304477395,
        0.3802389739467242,
        0.37342277012327774
    ],
    "train_perplexity": [
        1991.4146722416585,
        1001.1559930887728,
        922.7458110314947,
        694.9751959498138,
        476.6675616261303,
        310.9780959630653,
        217.58975777692004,
        177.37239143275528,
        147.91655865846897,
        118.11184129497366,
        97.25003288954967,
        83.67230894648773,
        74.31043174893514,
        68.81282028847157,
        63.289600816203894,
        59.218084108869135,
        56.66205418822137,
        53.70612389564025,
        51.27188011072575,
        49.65834764277971,
        47.55017202139083,
        46.09673803533483,
        44.30898603869408,
        43.92853415774449,
        42.533760762994866,
        41.52665799007608,
        40.82400630310892,
        39.53715270776368,
        38.51316138629632,
        38.50590714649547
    ],
    "val_perplexity": [
        996.8126661525822,
        1010.2245470100858,
        782.4220191110287,
        592.7584682061498,
        357.8503524682136,
        245.14979116652043,
        197.3024819032358,
        166.78041170049661,
        140.50615532418954,
        114.83472155921837,
        97.61947645185873,
        93.05681142570359,
        84.19945213978005,
        80.7674778610638,
        76.29195269010948,
        72.26323506719302,
        70.71629675676172,
        66.72347808052962,
        66.61754341488043,
        65.01488795555429,
        62.97903346864051,
        60.03093670808997,
        64.15157000440512,
        58.28978561579606,
        56.7300764899527,
        58.11049610903525,
        59.063659235483584,
        55.46440851828784,
        53.154238182881386,
        55.19823637772315
    ],
    "learning_rates": [
        0.0005170907197968264,
        0.0010341814395936528,
        0.0015512721593904791,
        0.0020683628791873057,
        0.0025854535989841324,
        0.0026529772498625555,
        0.0024561796621620606,
        0.002297545694043149,
        0.0021661468537918184,
        0.0020549873413169663,
        0.0019593535513189905,
        0.0018759382037114509,
        0.0018023431272764763,
        0.0017367812949272761,
        0.0016778901380350608,
        0.0016246101403438636,
        0.0015761033433146546,
        0.0015316971293620994,
        0.0014908445104021752,
        0.0014530954842977412,
        0.0014180759891273497,
        0.001385472182879602,
        0.0013550185259399309,
        0.0013264886249312777,
        0.001299688112275091,
        0.0012744490473221653,
        0.0012506254691409672,
        0.0012280898310810303,
        0.0012067301176680858,
        0.001186447494690624
    ]
}