{
    "train_loss": [
        7.607891861168114,
        6.913771466951112,
        6.784172774649955,
        6.54701509475708,
        6.331856882249987,
        6.01710378028251,
        5.5589395987020955,
        5.099552688083133,
        4.801776888563826,
        4.610884192183211,
        4.462225816056535,
        4.34307286546037,
        4.260753229502085,
        4.168152707331889,
        4.088388396598197,
        4.031099142899384,
        3.970765887080012,
        3.9359113139075204,
        3.8917413376473093,
        3.8558808352496174,
        3.8245504624134785,
        3.788846572669777,
        3.773914485364347,
        3.746640157699585,
        3.7270284485172582,
        3.6936948454057847,
        3.6698837280273438,
        3.638882997873667,
        3.632965678137702,
        3.6206886587916194
    ],
    "train_accuracy": [
        0.05936377354443857,
        0.06880914902010349,
        0.08426167338231809,
        0.12492915460380191,
        0.1472030953100089,
        0.18160235340142447,
        0.22650429634628436,
        0.2680396959556583,
        0.29265507277479286,
        0.30759659915670146,
        0.3211357966021148,
        0.33088088625657863,
        0.33951092472377015,
        0.3469869846912448,
        0.35544059320572513,
        0.36024197871199937,
        0.3655227116085833,
        0.36887290112744364,
        0.37384844324100425,
        0.375573752292138,
        0.3797320035958233,
        0.3822956601748198,
        0.38481994459833796,
        0.38489187978731954,
        0.3859766225894683,
        0.3906876917347217,
        0.39188117522210686,
        0.39571099354581857,
        0.39693111653493907,
        0.3972932008512332
    ],
    "val_loss": [
        6.896979141235351,
        6.878509664535523,
        6.648413228988647,
        6.425443363189697,
        6.12317054271698,
        5.750727868080139,
        5.234028673171997,
        4.909959006309509,
        4.723763060569763,
        4.588328242301941,
        4.4918313980102536,
        4.44808304309845,
        4.329228448867798,
        4.292797422409057,
        4.258360278606415,
        4.204762816429138,
        4.197259390354157,
        4.146782803535461,
        4.122929632663727,
        4.119074833393097,
        4.120557367801666,
        4.045654320716858,
        4.028255689144134,
        4.022974002361297,
        4.033397376537323,
        3.979966974258423,
        4.019459462165832,
        3.994394397735596,
        3.9337502121925354,
        3.9885674715042114
    ],
    "val_accuracy": [
        0.07394136807817589,
        0.07552826440310638,
        0.10174972155355154,
        0.1394704655011152,
        0.17038863109048724,
        0.21451775916835114,
        0.26824699185820305,
        0.2913734310382355,
        0.31037218695903057,
        0.3177495171810662,
        0.3262912482065997,
        0.3327957567286672,
        0.3416884626562046,
        0.34518096200339193,
        0.3510823768705506,
        0.35702569710224163,
        0.35789285074359434,
        0.36006260692316094,
        0.3637450632269285,
        0.36258218336825376,
        0.36196385411781684,
        0.3680610841716726,
        0.37186275932105034,
        0.37493622913781793,
        0.3695097037793667,
        0.37471131639722866,
        0.3707609520026003,
        0.3776023751765089,
        0.38033334543737973,
        0.3744745615306566
    ],
    "train_perplexity": [
        2014.027769001105,
        1006.0343215746352,
        883.7487251377879,
        697.1601081320339,
        562.199563607911,
        410.388298196041,
        259.54746587748105,
        163.94855475309646,
        121.72651992810066,
        100.57303622665769,
        86.68022878248644,
        76.94361381326723,
        70.86333971508871,
        64.59601407967311,
        59.64369222997268,
        56.32278402552139,
        53.02512655116785,
        51.208795986811246,
        48.996131090044926,
        47.27023589889883,
        45.81220143021817,
        44.20538316229045,
        43.55020825946507,
        42.3784576020108,
        41.55544038195579,
        40.19308015683188,
        39.24734222909595,
        38.04931181740864,
        37.82482670377064,
        37.36328952211289
    ],
    "val_perplexity": [
        989.2817168228255,
        971.1778998479106,
        771.5590661295,
        617.3544691214458,
        456.3091510895284,
        314.41943288643057,
        187.5468485570785,
        135.63385416226086,
        112.59114378000407,
        98.32990889826831,
        89.28481226608903,
        85.46295806813784,
        75.88571426756901,
        73.17087230231446,
        70.69396995043294,
        67.0047033666368,
        66.50382004875706,
        63.230248587016774,
        61.73985266320472,
        61.50231604631767,
        61.59356296770064,
        57.1485672946643,
        56.16286026943198,
        55.867007620936,
        56.452375801399825,
        53.51526681693397,
        55.67100540763183,
        54.29295073181718,
        51.09824806565772,
        53.97750963154513
    ],
    "learning_rates": [
        0.0005170907197968264,
        0.0010341814395936528,
        0.0015512721593904791,
        0.0020683628791873057,
        0.0025854535989841324,
        0.0026529772498625555,
        0.0024561796621620606,
        0.002297545694043149,
        0.0021661468537918184,
        0.0020549873413169663,
        0.0019593535513189905,
        0.0018759382037114509,
        0.0018023431272764763,
        0.0017367812949272761,
        0.0016778901380350608,
        0.0016246101403438636,
        0.0015761033433146546,
        0.0015316971293620994,
        0.0014908445104021752,
        0.0014530954842977412,
        0.0014180759891273497,
        0.001385472182879602,
        0.0013550185259399309,
        0.0013264886249312777,
        0.001299688112275091,
        0.0012744490473221653,
        0.0012506254691409672,
        0.0012280898310810303,
        0.0012067301176680858,
        0.001186447494690624
    ]
}