{
    "train_loss": [
        7.64571884773873,
        6.9112619709324195,
        6.848722787805506,
        6.604340259448902,
        6.3580935916385135,
        6.1220203812057905,
        5.714897220199172,
        5.26971482972841,
        4.897861599277806,
        4.701153489705678,
        4.523122728193129,
        4.400180729015453,
        4.293043167526657,
        4.208227750417349,
        4.112818349374307,
        4.058960799913149,
        4.003836457793777,
        3.946406178861051,
        3.9032304286956787,
        3.8807232766538053,
        3.839863290013494,
        3.8019402723054627,
        3.7721332485611376,
        3.7526393993480784,
        3.7211398485544565,
        3.6965940758988665,
        3.6736584044791556,
        3.6451258762462717,
        3.648913609014975,
        3.6095696616817166
    ],
    "train_accuracy": [
        0.060819464690248806,
        0.06954684702300847,
        0.0748107113419847,
        0.11233716826678596,
        0.14194709237778033,
        0.1693058086647575,
        0.2122664257882771,
        0.25325535793617965,
        0.28365386463494796,
        0.300032893730302,
        0.31340089960541606,
        0.3245526858037458,
        0.3353054711536624,
        0.34292165378368106,
        0.3534955711527263,
        0.35876518102108557,
        0.36371572117986994,
        0.36879715695831383,
        0.37245291860478513,
        0.3747751003398484,
        0.37732546086929813,
        0.38125160444916145,
        0.38348915625718444,
        0.3848239311402318,
        0.38846147934087555,
        0.38992731247962253,
        0.3919809072881278,
        0.39480745828038805,
        0.3942573588152154,
        0.397206988660098
    ],
    "val_loss": [
        6.9072919368743895,
        6.909366130828857,
        6.738478589057922,
        6.447168493270874,
        6.223740649223328,
        5.877826142311096,
        5.4027536630630495,
        5.047304010391235,
        4.803237795829773,
        4.681060481071472,
        4.537991952896118,
        4.477092504501343,
        4.373663210868836,
        4.309897637367248,
        4.293035840988159,
        4.207941365242005,
        4.212385809421539,
        4.145140397548675,
        4.154447066783905,
        4.1189880013465885,
        4.085729801654816,
        4.104024076461792,
        4.027842044830322,
        4.0080683588981625,
        4.028532755374909,
        4.002460181713104,
        4.004556095600128,
        3.9679400086402894,
        3.9503066658973696,
        3.9844619631767273
    ],
    "val_accuracy": [
        0.07493782215333597,
        0.07199654589285072,
        0.09605544870631781,
        0.1397005378688763,
        0.15698406417497032,
        0.19696092619392186,
        0.2491811539430587,
        0.27278953249468335,
        0.2980800998494916,
        0.30813701401936694,
        0.32220046417174353,
        0.32426001370011176,
        0.338340094287907,
        0.34488257465932154,
        0.34631784346317845,
        0.3539317773788151,
        0.3572755417956656,
        0.36206958846695814,
        0.3595117208598898,
        0.3630506388677743,
        0.36409130184331795,
        0.3660385531730561,
        0.37193779990619474,
        0.3735974562333248,
        0.37405413271245636,
        0.37353774613093077,
        0.3733974358974359,
        0.3797915690021997,
        0.3783347676419966,
        0.37295572397287596
    ],
    "train_perplexity": [
        2091.671628956892,
        1003.5128475877044,
        942.6761400025429,
        738.2926269180625,
        577.1450328246822,
        455.78462357024745,
        303.35302314379004,
        194.36052869698503,
        134.0029211416432,
        110.0740685563204,
        92.12282381980755,
        81.4655905305638,
        73.18885589653303,
        67.23727292710788,
        61.11872899323614,
        57.9140954633065,
        54.80801584462124,
        51.74905540115192,
        49.56229824637222,
        48.45925184469783,
        46.519114377558274,
        44.78800116034567,
        43.4727040728728,
        42.6334603566142,
        41.31145608525358,
        40.30977824602028,
        39.39576820138221,
        38.28759204660613,
        38.43289021523804,
        36.950148328221054
    ],
    "val_perplexity": [
        999.5367652186299,
        1001.6121499654885,
        844.2752686052431,
        630.9133259437284,
        504.58718989066625,
        357.03226016723113,
        222.0169350702564,
        155.60239604791235,
        121.90448104621615,
        107.88442131505614,
        93.5028533457751,
        87.97850334806618,
        79.33371618625115,
        74.43286940589864,
        73.18831967752696,
        67.21801992592964,
        67.51743152957042,
        63.12648408323798,
        63.71672371283509,
        61.49697590620135,
        59.48533440933052,
        60.58359073527437,
        56.13963362574983,
        55.04044941846482,
        56.178423257325974,
        54.73263676649445,
        54.847471960267576,
        52.87549550842645,
        51.95129608306082,
        53.756358795184475
    ],
    "learning_rates": [
        0.0005170907197968264,
        0.0010341814395936528,
        0.0015512721593904791,
        0.0020683628791873057,
        0.0025854535989841324,
        0.0026529772498625555,
        0.0024561796621620606,
        0.002297545694043149,
        0.0021661468537918184,
        0.0020549873413169663,
        0.0019593535513189905,
        0.0018759382037114509,
        0.0018023431272764763,
        0.0017367812949272761,
        0.0016778901380350608,
        0.0016246101403438636,
        0.0015761033433146546,
        0.0015316971293620994,
        0.0014908445104021752,
        0.0014530954842977412,
        0.0014180759891273497,
        0.001385472182879602,
        0.0013550185259399309,
        0.0013264886249312777,
        0.001299688112275091,
        0.0012744490473221653,
        0.0012506254691409672,
        0.0012280898310810303,
        0.0012067301176680858,
        0.001186447494690624
    ]
}