{
    "train_loss": [
        7.585597399118784,
        6.8825964747248465,
        6.69848309078732,
        6.466177368164063,
        6.166523876705686,
        5.877399539947509,
        5.541374095710548,
        5.278278580227414,
        5.116554860810976,
        4.99686067168777,
        4.897661572533685,
        4.818475114977038,
        4.74023373320296,
        4.662757693110286,
        4.594355057381295,
        4.504532829490868,
        4.409949320715827,
        4.319262120530412,
        4.254225330095033,
        4.199516375000412,
        4.1512549078142325,
        4.09923948081764,
        4.056691542187252,
        4.011132537996446,
        3.982679369642928,
        3.949378741754068,
        3.9203760778581773,
        3.8972146188890613,
        3.8740219644598057,
        3.852097039609342
    ],
    "train_accuracy": [
        0.05817228579082316,
        0.07359196118664545,
        0.09614200658485941,
        0.1343862162483098,
        0.1709228833940636,
        0.2042137828853934,
        0.23605629264812492,
        0.25823978068093056,
        0.27017538474524894,
        0.2800223607431118,
        0.2879413887907598,
        0.293274577935277,
        0.3000377062299926,
        0.3046460041140892,
        0.3097147318985084,
        0.31643592174503804,
        0.3236646091642133,
        0.33110439621463666,
        0.33643425097525775,
        0.34039400946357745,
        0.34412836895284044,
        0.3506083200257344,
        0.3541973208264361,
        0.35935067226052875,
        0.35954173912377335,
        0.362561788093703,
        0.3668547346561715,
        0.3680442227687499,
        0.3689014793830658,
        0.37181294434910517
    ],
    "val_loss": [
        6.876246762275696,
        6.803353404998779,
        6.552847838401794,
        6.287380838394165,
        5.966192078590393,
        5.679054856300354,
        5.3991491317749025,
        5.242918658256531,
        5.138029909133911,
        4.995322179794312,
        4.926020359992981,
        4.900556206703186,
        4.8466623544692995,
        4.809200119972229,
        4.766711473464966,
        4.594672822952271,
        4.536072444915772,
        4.495141553878784,
        4.433448576927185,
        4.407976245880127,
        4.315431380271912,
        4.3051626801490785,
        4.283997261524201,
        4.231471824645996,
        4.228826773166657,
        4.219711327552796,
        4.1819039463996885,
        4.185322535037995,
        4.1525250434875485,
        4.1759661674499515
    ],
    "val_accuracy": [
        0.07331505267715399,
        0.08465339340212179,
        0.12351915110109746,
        0.1551041174546644,
        0.19333212538503353,
        0.2253918265709682,
        0.25008198812083227,
        0.26642745822913266,
        0.27512977819726286,
        0.28818943112907885,
        0.29375956841875045,
        0.2941240518273872,
        0.2937948958596542,
        0.303702093747736,
        0.30283649503161697,
        0.31976744186046513,
        0.32098496404445415,
        0.3290432512779611,
        0.33075567384814586,
        0.33030126619123856,
        0.3425704556980367,
        0.3401241965355703,
        0.34627855295274873,
        0.3482935276715492,
        0.3496318328557438,
        0.3493413433700058,
        0.358295303460419,
        0.357432041642568,
        0.35519204961735157,
        0.3557146472864013
    ],
    "train_perplexity": [
        1969.6229335425721,
        975.1550409595429,
        811.1744134928933,
        643.0209903873056,
        476.52675794711644,
        356.8799818446227,
        255.02819194908017,
        196.03213114880478,
        166.75986789251016,
        147.94797203980636,
        133.976119654221,
        123.77620232271471,
        114.46095187872852,
        105.92779609651097,
        98.92431446298797,
        90.42608977726279,
        82.26529425233025,
        75.13316861065636,
        70.40225754814108,
        66.65408766158357,
        63.513654089414835,
        60.294415096844354,
        57.782822457212575,
        55.209361869972085,
        53.660618416038346,
        51.90311158038862,
        50.4194028340179,
        49.26503591984502,
        48.13559693690144,
        47.091712946568485
    ],
    "val_perplexity": [
        968.9827038773619,
        900.8631911864379,
        701.2383464192101,
        537.7430470699118,
        390.0176827928746,
        292.6726814186983,
        221.218108643627,
        189.22157033955568,
        170.3797738239742,
        147.72053028767752,
        137.82990603947866,
        134.36449333675645,
        127.31474842000365,
        122.6334861995098,
        117.53209831945439,
        98.95575419922505,
        93.32354601857043,
        89.5808486042843,
        84.22136051715746,
        82.10313869552006,
        74.84590352716187,
        74.08126602402835,
        72.52978184088634,
        68.81844635625723,
        68.6366585479592,
        68.013847731421,
        65.4904248461234,
        65.71469278992896,
        63.594376300444324,
        65.10270940350627
    ],
    "learning_rates": [
        0.0005170907197968264,
        0.0010341814395936528,
        0.0015512721593904791,
        0.0020683628791873057,
        0.0025854535989841324,
        0.0026529772498625555,
        0.0024561796621620606,
        0.002297545694043149,
        0.0021661468537918184,
        0.0020549873413169663,
        0.0019593535513189905,
        0.0018759382037114509,
        0.0018023431272764763,
        0.0017367812949272761,
        0.0016778901380350608,
        0.0016246101403438636,
        0.0015761033433146546,
        0.0015316971293620994,
        0.0014908445104021752,
        0.0014530954842977412,
        0.0014180759891273497,
        0.001385472182879602,
        0.0013550185259399309,
        0.0013264886249312777,
        0.001299688112275091,
        0.0012744490473221653,
        0.0012506254691409672,
        0.0012280898310810303,
        0.0012067301176680858,
        0.001186447494690624
    ]
}