{
    "train_loss": [
        7.598434659597036,
        6.913559173893284,
        6.813018376118428,
        6.554638339377738,
        6.326426155502732,
        5.957305882428144,
        5.557917373244827,
        5.261410068821263,
        4.965310274588095,
        4.740645741127633,
        4.5657420441911025,
        4.453869966558508,
        4.35328851906029,
        4.276963590931248,
        4.202712066753491,
        4.13714803231729,
        4.080606494078765,
        4.039066113652409,
        4.009089994430542,
        3.953707350911321,
        3.9257534310624407,
        3.889218280122087,
        3.8680904259552826,
        3.8428172678560824,
        3.827613165571883,
        3.7867577179058176,
        3.7640762019801786,
        3.750638759458387,
        3.7305499785655254,
        3.7132258505434605
    ],
    "train_accuracy": [
        0.05228675532465144,
        0.06892094968969513,
        0.08025472805279259,
        0.12137501441919483,
        0.15125540527047474,
        0.19245274358758596,
        0.2317303005062815,
        0.26023597122302156,
        0.28772621160488054,
        0.3023143424797294,
        0.3156186830426494,
        0.3245611347691554,
        0.3316343528492707,
        0.33790322889132857,
        0.34453231211105795,
        0.3495752830808988,
        0.3561450375836255,
        0.35836132971297957,
        0.3608752963963583,
        0.36681475019036575,
        0.36865617270931994,
        0.37172089153229226,
        0.3749638523556697,
        0.3763723845204986,
        0.37727190619126866,
        0.3828435478750464,
        0.38463869517518623,
        0.3858784263326492,
        0.3875855402461104,
        0.38734924497739154
    ],
    "val_loss": [
        6.913368487358094,
        6.88222484588623,
        6.649503827095032,
        6.392350387573242,
        6.123024153709411,
        5.680335426330567,
        5.3970674753189085,
        5.078934264183045,
        4.87228741645813,
        4.67996232509613,
        4.588597154617309,
        4.498967289924622,
        4.449415397644043,
        4.383806467056274,
        4.342051672935486,
        4.2786688804626465,
        4.2874250411987305,
        4.257057583332061,
        4.185104727745056,
        4.220582544803619,
        4.208085215091705,
        4.111127328872681,
        4.118242704868317,
        4.082752454280853,
        4.073684573173523,
        4.052254593372345,
        4.066705334186554,
        4.103950083255768,
        4.04573884010315,
        4.012979209423065
    ],
    "val_accuracy": [
        0.07239189382046525,
        0.07614999459673642,
        0.10532595726217595,
        0.14508205669371566,
        0.1729127219463399,
        0.22373264331790518,
        0.2547385206392926,
        0.2834062240213973,
        0.29844623538807813,
        0.3122880438704091,
        0.324095347501436,
        0.3291914345054788,
        0.32828883363960654,
        0.33610331678538025,
        0.34038315286278203,
        0.3466056500432401,
        0.34765781883237795,
        0.3478889009282335,
        0.3552179417616205,
        0.35273935497851133,
        0.3552835283528353,
        0.3629739723047923,
        0.363705035971223,
        0.36697047028800583,
        0.37009768711392044,
        0.3683332123938756,
        0.3693041264833471,
        0.3623204061791077,
        0.3687194946884869,
        0.3762308137851144
    ],
    "train_perplexity": [
        1995.070485139901,
        1005.8207701407737,
        909.6122193593154,
        702.4950390818273,
        559.1546868308977,
        386.56726241800277,
        259.282285410695,
        192.7530948916719,
        143.35302217364398,
        114.50812041420616,
        96.13390316039674,
        85.95895944194778,
        77.73367172686353,
        72.02142116383324,
        66.86743429330257,
        62.623964999683146,
        59.1813521072204,
        56.773298232395994,
        55.096709431029396,
        52.128266817417476,
        50.69125604168948,
        48.87266685197479,
        47.850923899414205,
        46.656733973232384,
        45.95272568642874,
        44.11314091095249,
        43.12384972620164,
        42.54825141980931,
        41.70203708477924,
        40.985807594367124
    ],
    "val_perplexity": [
        1005.6289919484336,
        974.7927125542126,
        772.4009860006447,
        597.2587207303011,
        456.24235733481106,
        293.0477093567046,
        220.75808750868615,
        160.60280452935078,
        130.6193563040864,
        107.7660124207597,
        98.35635457736514,
        89.92421768674127,
        85.57690091808117,
        80.14251337793272,
        76.86507967606528,
        72.14434331852388,
        72.77882454078352,
        70.60193720817752,
        65.70038120922601,
        68.07312838827535,
        67.22768992349032,
        61.0154633062799,
        61.45115950215719,
        59.30848930043625,
        58.773117981010294,
        57.52701096251275,
        58.364354433086966,
        60.57910812700671,
        57.153397660626396,
        55.31140961634768
    ],
    "learning_rates": [
        0.0005170907197968264,
        0.0010341814395936528,
        0.0015512721593904791,
        0.0020683628791873057,
        0.0025854535989841324,
        0.0026529772498625555,
        0.0024561796621620606,
        0.002297545694043149,
        0.0021661468537918184,
        0.0020549873413169663,
        0.0019593535513189905,
        0.0018759382037114509,
        0.0018023431272764763,
        0.0017367812949272761,
        0.0016778901380350608,
        0.0016246101403438636,
        0.0015761033433146546,
        0.0015316971293620994,
        0.0014908445104021752,
        0.0014530954842977412,
        0.0014180759891273497,
        0.001385472182879602,
        0.0013550185259399309,
        0.0013264886249312777,
        0.001299688112275091,
        0.0012744490473221653,
        0.0012506254691409672,
        0.0012280898310810303,
        0.0012067301176680858,
        0.001186447494690624
    ]
}