{
    "train_loss": [
        7.622065123996219,
        6.916312240909885,
        6.911489107802107,
        6.91712666073361,
        6.918430647978911,
        6.9912945334975785,
        6.925729388159675,
        6.912614353283032,
        6.896396796767776,
        6.891723225567792,
        6.8855217418155155,
        6.883076348175874,
        6.87479667921324,
        6.8583984658524795,
        6.851863551784206,
        6.831760079151875,
        6.823703397286905,
        6.8117163735467035,
        6.807413714640849,
        6.807179291183884,
        6.809057341395198,
        6.789734623883222,
        6.7854113681896315,
        6.781622366003088,
        6.7774380735448885,
        6.7784875225376435,
        6.774746353561814,
        6.7726863010509595,
        6.764283087446883,
        6.765246548523774
    ],
    "train_accuracy": [
        0.050313933414588195,
        0.06883387231819822,
        0.06912260233491707,
        0.06892504606726968,
        0.06945879605265685,
        0.054479706721477436,
        0.06596861449039763,
        0.06793268015412782,
        0.06890518342868325,
        0.0686657576417296,
        0.0696326059805131,
        0.06862471040992552,
        0.06926134773658607,
        0.06929663608562692,
        0.06797514078316513,
        0.06968355279550725,
        0.06931088666146736,
        0.06924021488871834,
        0.06948165091841356,
        0.06837127899657644,
        0.06800874266651329,
        0.06939774354889361,
        0.06922499846898157,
        0.06947053489786784,
        0.06954088546252134,
        0.06898838756177135,
        0.06983973658689911,
        0.0691557844399485,
        0.06853328743282269,
        0.06928443628812579
    ],
    "val_loss": [
        6.895785236358643,
        6.889219331741333,
        6.893732118606567,
        6.929466629028321,
        6.891904425621033,
        7.47016441822052,
        7.9996997833251955,
        7.409737181663513,
        8.099045896530152,
        7.13536159992218,
        7.410467410087586,
        7.2313316822052,
        7.054708313941956,
        6.955959796905518,
        6.898232245445252,
        6.9192728996276855,
        6.874343538284302,
        6.823847532272339,
        6.861538696289062,
        6.827765107154846,
        6.828806376457214,
        6.8123616695404055,
        6.825142168998719,
        6.822875118255615,
        6.804763150215149,
        6.836472272872925,
        6.816383123397827,
        6.838070178031922,
        6.8796626329422,
        6.813920259475708
    ],
    "val_accuracy": [
        0.0732290308561495,
        0.07295290699759693,
        0.07283429025385477,
        0.07319823916760651,
        0.07187700649211672,
        0.014777970011534025,
        0.016254036598493005,
        0.01623224033838256,
        0.015378477385658845,
        0.052699877442145486,
        0.015675459922348416,
        0.024487594390507014,
        0.052229345503277916,
        0.07394084732214229,
        0.07165041531238714,
        0.07120258918506127,
        0.07076120808285652,
        0.07599508776999206,
        0.07151336379006439,
        0.07205999565248895,
        0.06982507288629737,
        0.07152375121547161,
        0.07186555347632072,
        0.06956897482985848,
        0.07386281588447653,
        0.07373238413482493,
        0.07205311468272685,
        0.07200433761069944,
        0.07153723558388873,
        0.07352834434201931
    ],
    "train_perplexity": [
        2042.77636335294,
        1008.5936773759763,
        1003.7408082427517,
        1009.4154306415682,
        1010.7325540577685,
        1087.1278891338122,
        1018.1366156541862,
        1004.8708987466214,
        988.7057818007237,
        984.0957759200783,
        978.011806272784,
        975.6231042709311,
        967.5786167381822,
        951.8414395761681,
        945.6415176045822,
        926.8206554451676,
        919.3835556803089,
        908.4286725681169,
        904.5284106152577,
        904.3163927902646,
        906.0163401764597,
        888.6776966993172,
        884.8440087650295,
        881.4976765146533,
        877.8169384474487,
        878.7386461073203,
        875.457278249717,
        873.6556466505119,
        866.3448915736464,
        867.1799833804683
    ],
    "val_perplexity": [
        988.1013133416217,
        981.6347868954813,
        986.074706137859,
        1021.9487564312252,
        984.2741102836794,
        1754.8951986018512,
        2980.0631880706333,
        1651.9921159852515,
        3291.3263108843985,
        1255.5909282654934,
        1653.198888140728,
        1382.0617462061564,
        1158.2995621669168,
        1049.3852514718005,
        990.5221669512727,
        1011.5842038192555,
        967.1402665896702,
        919.516080566222,
        954.8351390285112,
        923.1254189781022,
        924.0871417584287,
        909.0150671297715,
        920.7072907804851,
        918.6223648421487,
        902.1340743610775,
        931.1983200196391,
        912.6779894781138,
        932.6874760674582,
        972.2982830427978,
        910.4329535291463
    ],
    "learning_rates": [
        0.0005170907197968264,
        0.0010341814395936528,
        0.0015512721593904791,
        0.0020683628791873057,
        0.0025854535989841324,
        0.0026529772498625555,
        0.0024561796621620606,
        0.002297545694043149,
        0.0021661468537918184,
        0.0020549873413169663,
        0.0019593535513189905,
        0.0018759382037114509,
        0.0018023431272764763,
        0.0017367812949272761,
        0.0016778901380350608,
        0.0016246101403438636,
        0.0015761033433146546,
        0.0015316971293620994,
        0.0014908445104021752,
        0.0014530954842977412,
        0.0014180759891273497,
        0.001385472182879602,
        0.0013550185259399309,
        0.0013264886249312777,
        0.001299688112275091,
        0.0012744490473221653,
        0.0012506254691409672,
        0.0012280898310810303,
        0.0012067301176680858,
        0.001186447494690624
    ]
}