{
    "train_loss": [
        7.583376350918332,
        6.910040772927774,
        6.856286961323506,
        6.640864142856082,
        6.408874207573968,
        6.121271507160084,
        5.75256015674488,
        5.47356477428127,
        5.264014143557162,
        5.099856026108201,
        4.993385327828897,
        4.871688069523992,
        4.788406802512504,
        4.707137852746087,
        4.648023783194052,
        4.591232018857389,
        4.531296858916411,
        4.460057085913581,
        4.380985105359876,
        4.300515180020719,
        4.218039721411627,
        4.125312958536921,
        4.0813687221423995,
        4.026631959708961,
        3.9789917275712297,
        3.9477805060309334,
        3.9082189766136377,
        3.8932328469044455,
        3.851979013391443,
        3.823565791104291
    ],
    "train_accuracy": [
        0.05312094177674297,
        0.06883679719552363,
        0.07441356274993488,
        0.1097331023593077,
        0.13419383468886525,
        0.1623123936401108,
        0.20069629169017705,
        0.23073710346730222,
        0.25493525709335396,
        0.2720513764846699,
        0.28112980630684287,
        0.2906011432078874,
        0.2968114717908356,
        0.3033047651171348,
        0.30696601486011643,
        0.31197504751394767,
        0.31554694394352145,
        0.3209927190887167,
        0.3266164332763716,
        0.3332425099489982,
        0.34007632855800396,
        0.348846845948134,
        0.35273684049267723,
        0.3594068411296729,
        0.362238154517651,
        0.3672310321833971,
        0.3698805738272625,
        0.3705336364440649,
        0.37533100671962777,
        0.3778988988107769
    ],
    "val_loss": [
        6.907243084907532,
        6.852245092391968,
        6.740989327430725,
        6.526518654823303,
        6.268918180465699,
        5.921908235549926,
        5.549018311500549,
        5.35658016204834,
        5.188949227333069,
        5.066376662254333,
        4.988048720359802,
        4.923053550720215,
        4.834777426719666,
        4.725430727005005,
        4.73348171710968,
        4.665647840499878,
        4.675569844245911,
        4.599441504478454,
        4.55292854309082,
        4.4663217782974245,
        4.409500575065612,
        4.3402289867401125,
        4.3415498495101925,
        4.269193983078003,
        4.237264823913574,
        4.17897983789444,
        4.125057399272919,
        4.139024138450623,
        4.1453062176704405,
        4.130753123760224
    ],
    "val_accuracy": [
        0.07126311979732175,
        0.07345636488887278,
        0.09045517041754107,
        0.12649061498000505,
        0.15055387713997986,
        0.18887051549356532,
        0.22472519525600232,
        0.24840924614444404,
        0.2688457536507481,
        0.2783937019248131,
        0.28305480682839174,
        0.29340196537201685,
        0.3023297945577738,
        0.3092697746753951,
        0.30967461724999096,
        0.3123259934193875,
        0.3091692931927689,
        0.32188965019834115,
        0.32086777605313505,
        0.326988615763904,
        0.332722474710453,
        0.3408745934224792,
        0.3420694105836799,
        0.34846748782583786,
        0.3503011184399197,
        0.35800517390054615,
        0.3600897510133179,
        0.3619212837471539,
        0.3612646793134598,
        0.3637481465408123
    ],
    "train_perplexity": [
        1965.2531606049788,
        1002.2881076777682,
        949.8337424423687,
        765.7564301394009,
        607.2097040398172,
        455.44342606814604,
        314.9960681691016,
        238.3081953199959,
        193.25569247315974,
        163.99829412744842,
        147.43469438852625,
        130.54109344899032,
        120.10985742304128,
        110.73476670089953,
        104.37850706132237,
        98.61585193885453,
        92.87893388552556,
        86.492446455725,
        79.91672103115152,
        73.73777214286855,
        67.90025033737122,
        61.88717433951032,
        59.226478990944095,
        56.07174097660757,
        53.46310167133376,
        51.82022442756695,
        49.81015986686843,
        49.06926379862792,
        47.08615521778032,
        45.767113671813156
    ],
    "val_perplexity": [
        999.4879370743877,
        946.0023870827364,
        846.3976862220732,
        683.0162523508302,
        527.9059698627674,
        373.1230416224061,
        256.9851526664642,
        211.9987041277421,
        179.2800713248406,
        158.5986286002279,
        146.64998899191497,
        137.42159698321663,
        125.81057801733495,
        112.77906490271339,
        113.69071294866298,
        106.23438587129239,
        107.29369036709542,
        99.42876960973267,
        94.90994959790784,
        87.03599583342566,
        82.22838634112253,
        76.72510635890136,
        76.82651665521968,
        71.46401119687067,
        69.21826853225117,
        65.29920345012549,
        61.87136051955509,
        62.741564484576465,
        63.13695259243602,
        62.22476824382778
    ],
    "learning_rates": [
        0.0005170907197968264,
        0.0010341814395936528,
        0.0015512721593904791,
        0.0020683628791873057,
        0.0025854535989841324,
        0.0026529772498625555,
        0.0024561796621620606,
        0.002297545694043149,
        0.0021661468537918184,
        0.0020549873413169663,
        0.0019593535513189905,
        0.0018759382037114509,
        0.0018023431272764763,
        0.0017367812949272761,
        0.0016778901380350608,
        0.0016246101403438636,
        0.0015761033433146546,
        0.0015316971293620994,
        0.0014908445104021752,
        0.0014530954842977412,
        0.0014180759891273497,
        0.001385472182879602,
        0.0013550185259399309,
        0.0013264886249312777,
        0.001299688112275091,
        0.0012744490473221653,
        0.0012506254691409672,
        0.0012280898310810303,
        0.0012067301176680858,
        0.001186447494690624
    ]
}